<?xml version="1.0" encoding="UTF-8" standalone="yes"?>
<addon id="browser.chromium"
       name="Chromium"
       version="9.2.0.103"
       provider-name="Team LibreELEC">
  <requires>
    <import addon="os.libreelec.tv" version="9.2"/>
    <import addon="xbmc.python" version="2.1.0"/>

  </requires>
  <extension point="xbmc.python.script" library="default.py">
    <provides>executable</provides>
  </extension>
  <extension point="xbmc.addon.metadata">
    <summary>Chromium Browser</summary>
    <description>
Chromium Browser
    </description>
    <disclaimer>

    </disclaimer>
    <platform>all</platform>
    <news>
103
- add flag for dark mode

102
- support for latest Chrome

101
- fix download url

100
- initial release
    </news>
    <assets>
      <icon>resources/icon.png</icon>
      <fanart>resources/fanart.png</fanart>

    </assets>
  </extension>
</addon>
